来源,排名,队伍 ID,战队,简称,地区,参赛状态,首发人数,队伍评分,稳定度,阵容位置,选手 ID,游戏 ID,真实姓名,国籍,年龄,位置,Rating,样本状态,数据日期,Team HLTV ID,Player HLTV ID
虚构,,fictional-team-123ok8u,北斗俱乐部,北斗,Asia,可参赛,5,1544,0.86,首发,fictional-player-us5d5n,韩曜,江墨岳,中国,23,IGL,0.93,,2026-08-10,,
虚构,,fictional-team-123ok8u,北斗俱乐部,北斗,Asia,可参赛,5,1544,0.86,首发,fictional-player-ui5rgo,许策,程寒澈,中国,23,AWPer,0.91,,2026-08-10,,
虚构,,fictional-team-123ok8u,北斗俱乐部,北斗,Asia,可参赛,5,1544,0.86,首发,fictional-player-vc4kjl,程尘,罗曜烬,中国,21,Entry,1.02,,2026-08-10,,
虚构,,fictional-team-123ok8u,北斗俱乐部,北斗,Asia,可参赛,5,1544,0.86,首发,fictional-player-v24yum,宋远,叶鸣远,中国,21,Rifler,1.18,,2026-08-10,,
虚构,,fictional-team-123ok8u,北斗俱乐部,北斗,Asia,可参赛,5,1544,0.86,首发,fictional-player-vw3rxj,魏川,宋墨岳,中国,19,Support,0.91,,2026-08-10,,
虚构,,fictional-team-2yg9d3,苍狼电子竞技,苍狼,Asia,可参赛,5,1627,0.59,首发,fictional-player-1mhimkq,林鸣,韩鸣远,中国,20,IGL,1.17,,2026-08-10,,
虚构,,fictional-team-2yg9d3,苍狼电子竞技,苍狼,Asia,可参赛,5,1627,0.59,首发,fictional-player-1mri89p,周凛,夏墨岳,中国,30,AWPer,1.20,,2026-08-10,,
虚构,,fictional-team-2yg9d3,苍狼电子竞技,苍狼,Asia,可参赛,5,1627,0.59,首发,fictional-player-1lxjf6s,沈霄,顾寒澈,中国,23,Entry,1.20,,2026-08-10,,
虚构,,fictional-team-2yg9d3,苍狼电子竞技,苍狼,Asia,可参赛,5,1627,0.59,首发,fictional-player-1m7j0vr,陆岳,许曜烬,中国,28,Rifler,0.89,,2026-08-10,,
虚构,,fictional-team-2yg9d3,苍狼电子竞技,苍狼,Asia,可参赛,5,1627,0.59,首发,fictional-player-1ldk7su,顾岚,邵鸣远,中国,20,Support,1.13,,2026-08-10,,
虚构,,fictional-team-fmc9jo,赤霄俱乐部,赤霄,Asia,可参赛,5,1586,0.65,首发,fictional-player-11531u9,邵曜,江墨岳,中国,17,IGL,1.19,,2026-08-10,,
虚构,,fictional-team-fmc9jo,赤霄俱乐部,赤霄,Asia,可参赛,5,1586,0.65,首发,fictional-player-10v3g5a,罗策,程寒澈,中国,19,AWPer,1.17,,2026-08-10,,
虚构,,fictional-team-fmc9jo,赤霄俱乐部,赤霄,Asia,可参赛,5,1586,0.65,首发,fictional-player-10l3ugb,林尘,罗曜烬,中国,20,Entry,0.88,,2026-08-10,,
虚构,,fictional-team-fmc9jo,赤霄俱乐部,赤霄,Asia,可参赛,5,1586,0.65,首发,fictional-player-10b48rc,周远,叶鸣远,中国,21,Rifler,1.14,,2026-08-10,,
虚构,,fictional-team-fmc9jo,赤霄俱乐部,赤霄,Asia,可参赛,5,1586,0.65,首发,fictional-player-1291gm5,沈川,宋墨岳,中国,24,Support,0.90,,2026-08-10,,
虚构,,fictional-team-3fl81r,烽火竞技,烽火,Asia,可参赛,5,1605,0.48,首发,fictional-player-1g03nf6,白寒,林寒澈,中国,27,IGL,1.20,,2026-08-10,,
虚构,,fictional-team-3fl81r,烽火竞技,烽火,Asia,可参赛,5,1605,0.48,首发,fictional-player-1ga3945,夏辰,唐曜烬,中国,21,AWPer,1.02,,2026-08-10,,
虚构,,fictional-team-3fl81r,烽火竞技,烽火,Asia,可参赛,5,1605,0.48,首发,fictional-player-1fg4g18,邵野,魏鸣远,中国,17,Entry,0.91,,2026-08-10,,
虚构,,fictional-team-3fl81r,烽火竞技,烽火,Asia,可参赛,5,1605,0.48,首发,fictional-player-1fq41q7,罗烬,周墨岳,中国,28,Rifler,1.17,,2026-08-10,,
虚构,,fictional-team-3fl81r,烽火竞技,烽火,Asia,可参赛,5,1605,0.48,首发,fictional-player-1ew58na,林星,苏寒澈,中国,24,Support,1.12,,2026-08-10,,
虚构,,fictional-team-7kft7f,金乌电子竞技,金乌,Asia,可参赛,5,1625,0.59,首发,fictional-player-12chrue,苏鸣,韩鸣远,中国,20,IGL,1.20,,2026-08-10,,
虚构,,fictional-team-7kft7f,金乌电子竞技,金乌,Asia,可参赛,5,1625,0.59,首发,fictional-player-12mhdjd,秦凛,夏墨岳,中国,22,AWPer,1.12,,2026-08-10,,
虚构,,fictional-team-7kft7f,金乌电子竞技,金乌,Asia,可参赛,5,1625,0.59,首发,fictional-player-11sikgg,韩霄,顾寒澈,中国,24,Entry,1.09,,2026-08-10,,
虚构,,fictional-team-7kft7f,金乌电子竞技,金乌,Asia,可参赛,5,1625,0.59,首发,fictional-player-122i65f,许岳,许曜烬,中国,30,Rifler,1.06,,2026-08-10,,
虚构,,fictional-team-7kft7f,金乌电子竞技,金乌,Asia,可参赛,5,1625,0.59,首发,fictional-player-13gg6ma,程岚,邵鸣远,中国,17,Support,1.11,,2026-08-10,,
虚构,,fictional-team-12npdee,昆仑竞技,昆仑,Asia,可参赛,5,1531,0.48,首发,fictional-player-13gu8sj,苏寒,林寒澈,中国,31,IGL,1.01,,2026-08-10,,
虚构,,fictional-team-12npdee,昆仑竞技,昆仑,Asia,可参赛,5,1531,0.48,首发,fictional-player-136un3k,秦辰,唐曜烬,中国,23,AWPer,0.96,,2026-08-10,,
虚构,,fictional-team-12npdee,昆仑竞技,昆仑,Asia,可参赛,5,1531,0.48,首发,fictional-player-140tg6h,韩野,魏鸣远,中国,26,Entry,0.95,,2026-08-10,,
虚构,,fictional-team-12npdee,昆仑竞技,昆仑,Asia,可参赛,5,1531,0.48,首发,fictional-player-13qtuhi,许烬,周墨岳,中国,17,Rifler,1.01,,2026-08-10,,
虚构,,fictional-team-12npdee,昆仑竞技,昆仑,Asia,可参赛,5,1531,0.48,首发,fictional-player-14ksnkf,程星,苏寒澈,中国,20,Support,0.92,,2026-08-10,,
虚构,,fictional-team-p0pv6x,雷池俱乐部,雷池,Asia,可参赛,5,1615,0.65,首发,fictional-player-1ksjfw4,魏曜,江墨岳,中国,20,IGL,0.95,,2026-08-10,,
虚构,,fictional-team-p0pv6x,雷池俱乐部,雷池,Asia,可参赛,5,1615,0.65,首发,fictional-player-1l2j1l3,陶策,程寒澈,中国,28,AWPer,1.17,,2026-08-10,,
虚构,,fictional-team-p0pv6x,雷池俱乐部,雷池,Asia,可参赛,5,1615,0.65,首发,fictional-player-1lcina2,白尘,罗曜烬,中国,22,Entry,1.14,,2026-08-10,,
虚构,,fictional-team-p0pv6x,雷池俱乐部,雷池,Asia,可参赛,5,1615,0.65,首发,fictional-player-1lmi8z1,夏远,叶鸣远,中国,23,Rifler,1.09,,2026-08-10,,
虚构,,fictional-team-p0pv6x,雷池俱乐部,雷池,Asia,可参赛,5,1615,0.65,首发,fictional-player-1jol148,邵川,宋墨岳,中国,20,Support,1.15,,2026-08-10,,
虚构,,fictional-team-pupnpj,凌云战队,凌云,Asia,可参赛,5,1560,0.54,首发,fictional-player-1n050oa,魏墨,陶曜烬,中国,19,IGL,1.14,,2026-08-10,,
虚构,,fictional-team-pupnpj,凌云战队,凌云,Asia,可参赛,5,1560,0.54,首发,fictional-player-1na4md9,陶衡,沈鸣远,中国,23,AWPer,0.95,,2026-08-10,,
虚构,,fictional-team-pupnpj,凌云战队,凌云,Asia,可参赛,5,1560,0.54,首发,fictional-player-1mg5tac,白舟,秦墨岳,中国,22,Entry,1.04,,2026-08-10,,
虚构,,fictional-team-pupnpj,凌云战队,凌云,Asia,可参赛,5,1560,0.54,首发,fictional-player-1mq5ezb,夏澈,白寒澈,中国,27,Rifler,0.98,,2026-08-10,,
虚构,,fictional-team-pupnpj,凌云战队,凌云,Asia,可参赛,5,1560,0.54,首发,fictional-player-1lw6lwe,邵锋,陆曜烬,中国,25,Support,0.97,,2026-08-10,,
虚构,,fictional-team-1k19zo1,龙渊电子竞技,龙渊,Asia,可参赛,5,1593,0.81,首发,fictional-player-1p7e7kc,顾鸣,韩鸣远,中国,30,IGL,1.23,,2026-08-10,,
虚构,,fictional-team-1k19zo1,龙渊电子竞技,龙渊,Asia,可参赛,5,1593,0.81,首发,fictional-player-1phdt9b,江凛,夏墨岳,中国,25,AWPer,0.95,,2026-08-10,,
虚构,,fictional-team-1k19zo1,龙渊电子竞技,龙渊,Asia,可参赛,5,1593,0.81,首发,fictional-player-1prdeya,叶霄,顾寒澈,中国,20,Entry,1.23,,2026-08-10,,
虚构,,fictional-team-1k19zo1,龙渊电子竞技,龙渊,Asia,可参赛,5,1593,0.81,首发,fictional-player-1q1d0n9,唐岳,许曜烬,中国,17,Rifler,0.96,,2026-08-10,,
虚构,,fictional-team-1k19zo1,龙渊电子竞技,龙渊,Asia,可参赛,5,1593,0.81,首发,fictional-player-1o3fssg,苏岚,邵鸣远,中国,19,Support,0.96,,2026-08-10,,
虚构,,fictional-team-166xz3t,墨影俱乐部,墨影,Asia,可参赛,5,1584,0.86,首发,fictional-player-u1np7o,沈曜,江墨岳,中国,28,IGL,0.93,,2026-08-10,,
虚构,,fictional-team-166xz3t,墨影俱乐部,墨影,Asia,可参赛,5,1584,0.86,首发,fictional-player-ubnawn,陆策,程寒澈,中国,27,AWPer,0.91,,2026-08-10,,
虚构,,fictional-team-166xz3t,墨影俱乐部,墨影,Asia,可参赛,5,1584,0.86,首发,fictional-player-ulmwlm,顾尘,罗曜烬,中国,27,Entry,1.22,,2026-08-10,,
虚构,,fictional-team-166xz3t,墨影俱乐部,墨影,Asia,可参赛,5,1584,0.86,首发,fictional-player-uvmial,江远,叶鸣远,中国,26,Rifler,1.01,,2026-08-10,,
虚构,,fictional-team-166xz3t,墨影俱乐部,墨影,Asia,可参赛,5,1584,0.86,首发,fictional-player-sxpafs,叶川,宋墨岳,中国,28,Support,1.19,,2026-08-10,,
虚构,,fictional-team-ivtsch,磐石战队,磐石,Asia,可参赛,5,1612,0.76,首发,fictional-player-1p80bq4,邵墨,陶曜烬,中国,28,IGL,1.17,,2026-08-10,,
虚构,,fictional-team-ivtsch,磐石战队,磐石,Asia,可参赛,5,1612,0.76,首发,fictional-player-1phzxf3,罗衡,沈鸣远,中国,23,AWPer,0.89,,2026-08-10,,
虚构,,fictional-team-ivtsch,磐石战队,磐石,Asia,可参赛,5,1612,0.76,首发,fictional-player-1przj42,林舟,秦墨岳,中国,21,Entry,1.04,,2026-08-10,,
虚构,,fictional-team-ivtsch,磐石战队,磐石,Asia,可参赛,5,1612,0.76,首发,fictional-player-1q1z4t1,周澈,白寒澈,中国,17,Rifler,1.20,,2026-08-10,,
虚构,,fictional-team-ivtsch,磐石战队,磐石,Asia,可参赛,5,1612,0.76,首发,fictional-player-1o41wy8,沈锋,陆曜烬,中国,18,Support,1.18,,2026-08-10,,
虚构,,fictional-team-1diqjnp,破晓战队,破晓,Asia,可参赛,5,1624,0.76,首发,fictional-player-91pviw,韩墨,陶曜烬,中国,26,IGL,1.20,,2026-08-10,,
虚构,,fictional-team-1diqjnp,破晓战队,破晓,Asia,可参赛,5,1624,0.76,首发,fictional-player-9bph7v,许衡,沈鸣远,中国,17,AWPer,1.14,,2026-08-10,,
虚构,,fictional-team-1diqjnp,破晓战队,破晓,Asia,可参赛,5,1624,0.76,首发,fictional-player-9lp2wu,程舟,秦墨岳,中国,19,Entry,1.13,,2026-08-10,,
虚构,,fictional-team-1diqjnp,破晓战队,破晓,Asia,可参赛,5,1624,0.76,首发,fictional-player-9voolt,宋澈,白寒澈,中国,28,Rifler,0.97,,2026-08-10,,
虚构,,fictional-team-1diqjnp,破晓战队,破晓,Asia,可参赛,5,1624,0.76,首发,fictional-player-a5oaas,魏锋,陆曜烬,中国,26,Support,1.13,,2026-08-10,,
虚构,,fictional-team-e7ohsi,千帆竞技,千帆,Asia,可参赛,5,1546,0.7,首发,fictional-player-xabxrb,周寒,林寒澈,中国,18,IGL,1.17,,2026-08-10,,
虚构,,fictional-team-e7ohsi,千帆竞技,千帆,Asia,可参赛,5,1546,0.7,首发,fictional-player-x0cc2c,沈寒,唐曜烬,中国,22,AWPer,1.06,,2026-08-10,,
虚构,,fictional-team-e7ohsi,千帆竞技,千帆,Asia,可参赛,5,1546,0.7,首发,fictional-player-xub559,陆寒,魏鸣远,中国,30,Entry,0.89,,2026-08-10,,
虚构,,fictional-team-e7ohsi,千帆竞技,千帆,Asia,可参赛,5,1546,0.7,首发,fictional-player-xkbjga,江寒,周墨岳,中国,21,Rifler,0.89,,2026-08-10,,
虚构,,fictional-team-e7ohsi,千帆竞技,千帆,Asia,可参赛,5,1546,0.7,首发,fictional-player-w6dizf,叶寒,苏寒澈,中国,21,Support,0.96,,2026-08-10,,
虚构,,fictional-team-adggdg,青锋竞技,青锋,Asia,可参赛,5,1632,0.7,首发,fictional-player-1i2jpd,程寒,林寒澈,中国,30,IGL,1.13,,2026-08-10,,
虚构,,fictional-team-adggdg,青锋竞技,青锋,Asia,可参赛,5,1632,0.7,首发,fictional-player-182y0e,宋辰,唐曜烬,中国,30,AWPer,1.21,,2026-08-10,,
虚构,,fictional-team-adggdg,青锋竞技,青锋,Asia,可参赛,5,1632,0.7,首发,fictional-player-y3cbf,魏野,魏鸣远,中国,26,Entry,1.14,,2026-08-10,,
虚构,,fictional-team-adggdg,青锋竞技,青锋,Asia,可参赛,5,1632,0.7,首发,fictional-player-o3qmg,陶烬,周墨岳,中国,21,Rifler,0.97,,2026-08-10,,
虚构,,fictional-team-adggdg,青锋竞技,青锋,Asia,可参赛,5,1632,0.7,首发,fictional-player-2m0yh9,白星,苏寒澈,中国,17,Support,1.18,,2026-08-10,,
虚构,,fictional-team-76gjbu,山海电子竞技,山海,Asia,可参赛,5,1620,0.81,首发,fictional-player-btnl33,魏寒,韩鸣远,中国,22,IGL,1.20,,2026-08-10,,
虚构,,fictional-team-76gjbu,山海电子竞技,山海,Asia,可参赛,5,1620,0.81,首发,fictional-player-bjnze4,陶寒,夏墨岳,中国,28,AWPer,1.16,,2026-08-10,,
虚构,,fictional-team-76gjbu,山海电子竞技,山海,Asia,可参赛,5,1620,0.81,首发,fictional-player-cdmsh1,夏寒,顾寒澈,中国,23,Entry,1.15,,2026-08-10,,
虚构,,fictional-team-76gjbu,山海电子竞技,山海,Asia,可参赛,5,1620,0.81,首发,fictional-player-c3n6s2,邵寒,许曜烬,中国,25,Rifler,1.01,,2026-08-10,,
虚构,,fictional-team-76gjbu,山海电子竞技,山海,Asia,可参赛,5,1620,0.81,首发,fictional-player-app6b7,罗寒,邵鸣远,中国,28,Support,1.02,,2026-08-10,,
虚构,,fictional-team-tzk1tq,霜火竞技,霜火,Asia,可参赛,5,1610,0.48,首发,fictional-player-jvp8d7,林寒,林寒澈,中国,25,IGL,1.20,,2026-08-10,,
虚构,,fictional-team-tzk1tq,霜火竞技,霜火,Asia,可参赛,5,1610,0.48,首发,fictional-player-jlpmo8,周辰,唐曜烬,中国,24,AWPer,0.98,,2026-08-10,,
虚构,,fictional-team-tzk1tq,霜火竞技,霜火,Asia,可参赛,5,1610,0.48,首发,fictional-player-kfofr5,沈野,魏鸣远,中国,27,Entry,1.04,,2026-08-10,,
虚构,,fictional-team-tzk1tq,霜火竞技,霜火,Asia,可参赛,5,1610,0.48,首发,fictional-player-k5ou26,陆烬,周墨岳,中国,19,Rifler,1.04,,2026-08-10,,
虚构,,fictional-team-tzk1tq,霜火竞技,霜火,Asia,可参赛,5,1610,0.48,首发,fictional-player-kznn53,顾星,苏寒澈,中国,24,Support,1.20,,2026-08-10,,
虚构,,fictional-team-16snvcc,天穹电子竞技,天穹,Asia,可参赛,5,1635,0.81,首发,fictional-player-ll87a1,白鸣,韩鸣远,中国,31,IGL,1.23,,2026-08-10,,
虚构,,fictional-team-16snvcc,天穹电子竞技,天穹,Asia,可参赛,5,1635,0.81,首发,fictional-player-lb8ll2,夏凛,夏墨岳,中国,17,AWPer,1.09,,2026-08-10,,
虚构,,fictional-team-16snvcc,天穹电子竞技,天穹,Asia,可参赛,5,1635,0.81,首发,fictional-player-l18zw3,邵霄,顾寒澈,中国,17,Entry,1.05,,2026-08-10,,
虚构,,fictional-team-16snvcc,天穹电子竞技,天穹,Asia,可参赛,5,1635,0.81,首发,fictional-player-kr9e74,罗岳,许曜烬,中国,28,Rifler,1.16,,2026-08-10,,
虚构,,fictional-team-16snvcc,天穹电子竞技,天穹,Asia,可参赛,5,1635,0.81,首发,fictional-player-mp6m1x,林岚,邵鸣远,中国,23,Support,1.12,,2026-08-10,,
虚构,,fictional-team-1osgbb4,无界俱乐部,无界,Asia,可参赛,5,1640,0.86,首发,fictional-player-1e0yf39,林川,江墨岳,中国,24,IGL,1.15,,2026-08-10,,
虚构,,fictional-team-1osgbb4,无界俱乐部,无界,Asia,可参赛,5,1640,0.86,首发,fictional-player-1dqytea,周川,程寒澈,中国,24,AWPer,1.14,,2026-08-10,,
虚构,,fictional-team-1osgbb4,无界俱乐部,无界,Asia,可参赛,5,1640,0.86,首发,fictional-player-1dgz7pb,陆川,罗曜烬,中国,28,Entry,1.13,,2026-08-10,,
虚构,,fictional-team-1osgbb4,无界俱乐部,无界,Asia,可参赛,5,1640,0.86,首发,fictional-player-1d6zm0c,顾川,叶鸣远,中国,23,Rifler,1.20,,2026-08-10,,
虚构,,fictional-team-1osgbb4,无界俱乐部,无界,Asia,可参赛,5,1640,0.86,首发,fictional-player-1cx00bd,江川,宋墨岳,中国,24,Support,1.07,,2026-08-10,,
虚构,,fictional-team-1u09pk1,星河竞技,星河,Asia,可参赛,5,1588,0.7,首发,fictional-player-1sahruk,顾寒,林寒澈,中国,27,IGL,0.88,,2026-08-10,,
虚构,,fictional-team-1u09pk1,星河竞技,星河,Asia,可参赛,5,1588,0.7,首发,fictional-player-1skhdjj,江辰,唐曜烬,中国,21,AWPer,1.14,,2026-08-10,,
虚构,,fictional-team-1u09pk1,星河竞技,星河,Asia,可参赛,5,1588,0.7,首发,fictional-player-1sugz8i,叶野,魏鸣远,中国,28,Entry,1.05,,2026-08-10,,
虚构,,fictional-team-1u09pk1,星河竞技,星河,Asia,可参赛,5,1588,0.7,首发,fictional-player-1t4gkxh,唐烬,周墨岳,中国,18,Rifler,1.10,,2026-08-10,,
虚构,,fictional-team-1u09pk1,星河竞技,星河,Asia,可参赛,5,1588,0.7,首发,fictional-player-1r6jd2o,苏星,苏寒澈,中国,17,Support,1.12,,2026-08-10,,
虚构,,fictional-team-1dwfaei,玄甲战队,玄甲,Asia,可参赛,5,1627,0.54,首发,fictional-player-tpcbzj,叶墨,陶曜烬,中国,25,IGL,1.17,,2026-08-10,,
虚构,,fictional-team-1dwfaei,玄甲战队,玄甲,Asia,可参赛,5,1627,0.54,首发,fictional-player-tfcqak,唐衡,沈鸣远,中国,24,AWPer,1.13,,2026-08-10,,
虚构,,fictional-team-1dwfaei,玄甲战队,玄甲,Asia,可参赛,5,1627,0.54,首发,fictional-player-u9bjdh,苏舟,秦墨岳,中国,24,Entry,1.17,,2026-08-10,,
虚构,,fictional-team-1dwfaei,玄甲战队,玄甲,Asia,可参赛,5,1627,0.54,首发,fictional-player-tzbxoi,秦澈,白寒澈,中国,25,Rifler,1.04,,2026-08-10,,
虚构,,fictional-team-1dwfaei,玄甲战队,玄甲,Asia,可参赛,5,1627,0.54,首发,fictional-player-sldx7n,韩锋,陆曜烬,中国,29,Support,1.08,,2026-08-10,,
虚构,,fictional-team-4jm5xy,曜石竞技,曜石,Asia,可参赛,5,1625,0.48,首发,fictional-player-psqr2b,唐川,林寒澈,中国,20,IGL,1.22,,2026-08-10,,
虚构,,fictional-team-4jm5xy,曜石竞技,曜石,Asia,可参赛,5,1625,0.48,首发,fictional-player-pir5dc,苏川,唐曜烬,中国,28,AWPer,1.07,,2026-08-10,,
虚构,,fictional-team-4jm5xy,曜石竞技,曜石,Asia,可参赛,5,1625,0.48,首发,fictional-player-qcpyg9,秦川,魏鸣远,中国,20,Entry,1.24,,2026-08-10,,
虚构,,fictional-team-4jm5xy,曜石竞技,曜石,Asia,可参赛,5,1625,0.48,首发,fictional-player-q2qcra,许川,周墨岳,中国,19,Rifler,0.99,,2026-08-10,,
虚构,,fictional-team-4jm5xy,曜石竞技,曜石,Asia,可参赛,5,1625,0.48,首发,fictional-player-qwp5u7,程川,苏寒澈,中国,22,Support,1.06,,2026-08-10,,
虚构,,fictional-team-11fi1a6,银翼战队,银翼,Asia,可参赛,5,1645,0.76,首发,fictional-player-17omvdn,唐寒,陶曜烬,中国,29,IGL,1.18,,2026-08-10,,
虚构,,fictional-team-11fi1a6,银翼战队,银翼,Asia,可参赛,5,1645,0.76,首发,fictional-player-17en9oo,秦寒,沈鸣远,中国,19,AWPer,1.05,,2026-08-10,,
虚构,,fictional-team-11fi1a6,银翼战队,银翼,Asia,可参赛,5,1645,0.76,首发,fictional-player-188m2rl,韩寒,秦墨岳,中国,24,Entry,1.19,,2026-08-10,,
虚构,,fictional-team-11fi1a6,银翼战队,银翼,Asia,可参赛,5,1645,0.76,首发,fictional-player-17ymh2m,许寒,白寒澈,中国,18,Rifler,1.23,,2026-08-10,,
虚构,,fictional-team-11fi1a6,银翼战队,银翼,Asia,可参赛,5,1645,0.76,首发,fictional-player-18sla5j,宋寒,陆曜烬,中国,22,Support,1.08,,2026-08-10,,
虚构,,fictional-team-cz7nj0,云海战队,云海,Asia,可参赛,5,1598,0.54,首发,fictional-player-186k5ux,沈墨,陶曜烬,中国,30,IGL,1.22,,2026-08-10,,
虚构,,fictional-team-cz7nj0,云海战队,云海,Asia,可参赛,5,1598,0.54,首发,fictional-player-17wkk5y,陆衡,沈鸣远,中国,24,AWPer,0.98,,2026-08-10,,
虚构,,fictional-team-cz7nj0,云海战队,云海,Asia,可参赛,5,1598,0.54,首发,fictional-player-17mkygz,顾舟,秦墨岳,中国,19,Entry,1.22,,2026-08-10,,
虚构,,fictional-team-cz7nj0,云海战队,云海,Asia,可参赛,5,1598,0.54,首发,fictional-player-17clcs0,江澈,白寒澈,中国,25,Rifler,1.01,,2026-08-10,,
虚构,,fictional-team-cz7nj0,云海战队,云海,Asia,可参赛,5,1598,0.54,首发,fictional-player-19aikmt,叶锋,陆曜烬,中国,19,Support,0.94,,2026-08-10,,
虚构,,fictional-team-aetyjv,长风电子竞技,长风,Asia,可参赛,5,1619,0.59,首发,fictional-player-kj7lra,程鸣,韩鸣远,中国,17,IGL,1.01,,2026-08-10,,
虚构,,fictional-team-aetyjv,长风电子竞技,长风,Asia,可参赛,5,1619,0.59,首发,fictional-player-kt77g9,宋凛,夏墨岳,中国,18,AWPer,1.06,,2026-08-10,,
虚构,,fictional-team-aetyjv,长风电子竞技,长风,Asia,可参赛,5,1619,0.59,首发,fictional-player-jz8edc,魏霄,顾寒澈,中国,20,Entry,1.16,,2026-08-10,,
虚构,,fictional-team-aetyjv,长风电子竞技,长风,Asia,可参赛,5,1619,0.59,首发,fictional-player-k9802b,陶岳,许曜烬,中国,27,Rifler,1.10,,2026-08-10,,
虚构,,fictional-team-aetyjv,长风电子竞技,长风,Asia,可参赛,5,1619,0.59,首发,fictional-player-ln60j6,白岚,邵鸣远,中国,26,Support,1.20,,2026-08-10,,
虚构,,fictional-team-1kiopkd,逐日俱乐部,逐日,Asia,可参赛,5,1586,0.65,首发,fictional-player-rd58w,叶曜,江墨岳,中国,17,IGL,1.03,,2026-08-10,,
虚构,,fictional-team-1kiopkd,逐日俱乐部,逐日,Asia,可参赛,5,1586,0.65,首发,fictional-player-11cqxv,唐策,程寒澈,中国,19,AWPer,0.93,,2026-08-10,,
虚构,,fictional-team-1kiopkd,逐日俱乐部,逐日,Asia,可参赛,5,1586,0.65,首发,fictional-player-1bccmu,苏尘,罗曜烬,中国,22,Entry,1.15,,2026-08-10,,
虚构,,fictional-team-1kiopkd,逐日俱乐部,逐日,Asia,可参赛,5,1586,0.65,首发,fictional-player-1lbybt,秦远,叶鸣远,中国,23,Rifler,1.24,,2026-08-10,,
虚构,,fictional-team-1kiopkd,逐日俱乐部,逐日,Asia,可参赛,5,1586,0.65,首发,fictional-player-1vbk0s,韩川,宋墨岳,中国,23,Support,0.93,,2026-08-10,,
虚构,,fictional-team-1bze0jg,Ashen Tide,AT,Americas,可参赛,5,1572,0.65,首发,fictional-player-1jj7pu1,Pulse9,Parker Foster,United States,27,IGL,1.06,,2026-08-10,,
虚构,,fictional-team-1bze0jg,Ashen Tide,AT,Americas,可参赛,5,1572,0.65,首发,fictional-player-1j98452,Quest9,Quinn Irwin,Canada,17,AWPer,1.09,,2026-08-10,,
虚构,,fictional-team-1bze0jg,Ashen Tide,AT,Americas,可参赛,5,1572,0.65,首发,fictional-player-1iz8ig3,Rift9,Reid Lawson,United Kingdom,21,Entry,1.01,,2026-08-10,,
虚构,,fictional-team-1bze0jg,Ashen Tide,AT,Americas,可参赛,5,1572,0.65,首发,fictional-player-1ip8wr4,Shade9,Silas Ortega,Australia,24,Rifler,0.96,,2026-08-10,,
虚构,,fictional-team-1bze0jg,Ashen Tide,AT,Americas,可参赛,5,1572,0.65,首发,fictional-player-1kn64lx,Trace9,Theo Sawyer,Sweden,26,Support,1.05,,2026-08-10,,
虚构,,fictional-team-iil97,Black Summit,BS,Oceania,可参赛,5,1571,0.48,首发,fictional-player-gbpjue,Knox7,Alden Archer,United States,24,IGL,1.09,,2026-08-10,,
虚构,,fictional-team-iil97,Black Summit,BS,Oceania,可参赛,5,1571,0.48,首发,fictional-player-glp5jd,Lumen7,Blake Dalton,Canada,31,AWPer,0.92,,2026-08-10,,
虚构,,fictional-team-iil97,Black Summit,BS,Oceania,可参赛,5,1571,0.48,首发,fictional-player-frqcgg,Mako7,Caleb Griffin,United Kingdom,17,Entry,1.23,,2026-08-10,,
虚构,,fictional-team-iil97,Black Summit,BS,Oceania,可参赛,5,1571,0.48,首发,fictional-player-g1py5f,Nova7,Damon Jensen,Australia,29,Rifler,1.01,,2026-08-10,,
虚构,,fictional-team-iil97,Black Summit,BS,Oceania,可参赛,5,1571,0.48,首发,fictional-player-hfnyma,Onyx7,Elias Mercer,Sweden,22,Support,0.91,,2026-08-10,,
虚构,,fictional-team-1i4l1zd,Bright Ruin,BR,Europe,可参赛,5,1580,0.86,首发,fictional-player-14jlmms,Vex8,Parker Foster,United States,20,IGL,1.12,,2026-08-10,,
虚构,,fictional-team-1i4l1zd,Bright Ruin,BR,Europe,可参赛,5,1580,0.86,首发,fictional-player-14tl8br,Warden8,Quinn Irwin,Canada,19,AWPer,0.92,,2026-08-10,,
虚构,,fictional-team-1i4l1zd,Bright Ruin,BR,Europe,可参赛,5,1580,0.86,首发,fictional-player-153ku0q,Xeno8,Reid Lawson,United Kingdom,31,Entry,1.02,,2026-08-10,,
虚构,,fictional-team-1i4l1zd,Bright Ruin,BR,Europe,可参赛,5,1580,0.86,首发,fictional-player-15dkfpp,Yield8,Silas Ortega,Australia,29,Rifler,1.18,,2026-08-10,,
虚构,,fictional-team-1i4l1zd,Bright Ruin,BR,Europe,可参赛,5,1580,0.86,首发,fictional-player-13fn7uw,Zenith8,Theo Sawyer,Sweden,31,Support,0.99,,2026-08-10,,
虚构,,fictional-team-1jy69t0,Clear Intent,CI,Americas,可参赛,5,1576,0.54,首发,fictional-player-1lxonep,Vex10,Felix Pierce,United States,18,IGL,1.16,,2026-08-10,,
虚构,,fictional-team-1jy69t0,Clear Intent,CI,Americas,可参赛,5,1576,0.54,首发,fictional-player-1lnp1pq,Warden10,Gavin Turner,Canada,19,AWPer,0.93,,2026-08-10,,
虚构,,fictional-team-1jy69t0,Clear Intent,CI,Americas,可参赛,5,1576,0.54,首发,fictional-player-1ldpg0r,Xeno10,Hayden Bennett,United Kingdom,22,Entry,0.97,,2026-08-10,,
虚构,,fictional-team-1jy69t0,Clear Intent,CI,Americas,可参赛,5,1576,0.54,首发,fictional-player-1l3pubs,Yield10,Isaac Ellis,Australia,22,Rifler,1.00,,2026-08-10,,
虚构,,fictional-team-1jy69t0,Clear Intent,CI,Americas,可参赛,5,1576,0.54,首发,fictional-player-1n1n26l,Zenith10,Jonah Hayes,Sweden,18,Support,1.14,,2026-08-10,,
虚构,,fictional-team-1v7qk7c,Cold Frontier,CF,Americas,可参赛,5,1618,0.59,首发,fictional-player-1iggi1p,Vex7,Kai Keller,United States,22,IGL,1.08,,2026-08-10,,
虚构,,fictional-team-1v7qk7c,Cold Frontier,CF,Americas,可参赛,5,1618,0.59,首发,fictional-player-1i6gwcq,Warden7,Liam Nash,Canada,26,AWPer,1.21,,2026-08-10,,
虚构,,fictional-team-1v7qk7c,Cold Frontier,CF,Americas,可参赛,5,1618,0.59,首发,fictional-player-1hwhanr,Xeno7,Mason Reeves,United Kingdom,22,Entry,1.19,,2026-08-10,,
虚构,,fictional-team-1v7qk7c,Cold Frontier,CF,Americas,可参赛,5,1618,0.59,首发,fictional-player-1hmhoys,Yield7,Nolan Walker,Australia,30,Rifler,0.97,,2026-08-10,,
虚构,,fictional-team-1v7qk7c,Cold Frontier,CF,Americas,可参赛,5,1618,0.59,首发,fictional-player-1hci39t,Zenith7,Owen Carter,Sweden,27,Support,1.07,,2026-08-10,,
虚构,,fictional-team-1t5f244,Crimson Vale,CV,Europe,可参赛,5,1610,0.65,首发,fictional-player-ad12p,Knox6,Parker Foster,United States,19,IGL,1.07,,2026-08-10,,
虚构,,fictional-team-1t5f244,Crimson Vale,CV,Europe,可参赛,5,1610,0.65,首发,fictional-player-dfdq,Lumen6,Quinn Irwin,Canada,18,AWPer,1.07,,2026-08-10,,
虚构,,fictional-team-1t5f244,Crimson Vale,CV,Europe,可参赛,5,1610,0.65,首发,fictional-player-1yrhvnv,Mako6,Reid Lawson,United Kingdom,29,Entry,1.15,,2026-08-10,,
虚构,,fictional-team-1t5f244,Crimson Vale,CV,Europe,可参赛,5,1610,0.65,首发,fictional-player-1yhi9yw,Nova6,Silas Ortega,Australia,27,Rifler,1.11,,2026-08-10,,
虚构,,fictional-team-1t5f244,Crimson Vale,CV,Europe,可参赛,5,1610,0.65,首发,fictional-player-1ebful,Onyx6,Theo Sawyer,Sweden,26,Support,1.06,,2026-08-10,,
虚构,,fictional-team-hmpio2,Final Chapter,FC,Europe,可参赛,5,1633,0.48,首发,fictional-player-nkeb93,Pulse10,Alden Archer,United States,29,IGL,1.10,,2026-08-10,,
虚构,,fictional-team-hmpio2,Final Chapter,FC,Europe,可参赛,5,1633,0.48,首发,fictional-player-naepk4,Quest10,Blake Dalton,Canada,23,AWPer,1.10,,2026-08-10,,
虚构,,fictional-team-hmpio2,Final Chapter,FC,Europe,可参赛,5,1633,0.48,首发,fictional-player-o4din1,Rift10,Caleb Griffin,United Kingdom,26,Entry,1.19,,2026-08-10,,
虚构,,fictional-team-hmpio2,Final Chapter,FC,Europe,可参赛,5,1633,0.48,首发,fictional-player-nudwy2,Shade10,Damon Jensen,Australia,28,Rifler,1.18,,2026-08-10,,
虚构,,fictional-team-hmpio2,Final Chapter,FC,Europe,可参赛,5,1633,0.48,首发,fictional-player-mgfwh7,Trace10,Elias Mercer,Sweden,26,Support,1.07,,2026-08-10,,
虚构,,fictional-team-1cf6bk4,Glass Horizon,GH,Europe,可参赛,5,1606,0.81,首发,fictional-player-1xb97j5,Apex7,Kai Keller,United States,25,IGL,1.19,,2026-08-10,,
虚构,,fictional-team-1cf6bk4,Glass Horizon,GH,Europe,可参赛,5,1606,0.81,首发,fictional-player-1x19lu6,Bolt7,Liam Nash,Canada,29,AWPer,1.12,,2026-08-10,,
虚构,,fictional-team-1cf6bk4,Glass Horizon,GH,Europe,可参赛,5,1606,0.81,首发,fictional-player-1wra057,Cipher7,Mason Reeves,United Kingdom,31,Entry,1.01,,2026-08-10,,
虚构,,fictional-team-1cf6bk4,Glass Horizon,GH,Europe,可参赛,5,1606,0.81,首发,fictional-player-1whaeg8,Drift7,Nolan Walker,Australia,31,Rifler,1.00,,2026-08-10,,
虚构,,fictional-team-1cf6bk4,Glass Horizon,GH,Europe,可参赛,5,1606,0.81,首发,fictional-player-1yf7mb1,Ember7,Owen Carter,Sweden,26,Support,1.11,,2026-08-10,,
虚构,,fictional-team-1o7022l,Golden Relay,GR,Oceania,可参赛,5,1592,0.7,首发,fictional-player-1dq23wg,Vex9,Alden Archer,United States,22,IGL,1.18,,2026-08-10,,
虚构,,fictional-team-1o7022l,Golden Relay,GR,Oceania,可参赛,5,1592,0.7,首发,fictional-player-1e01plf,Warden9,Blake Dalton,Canada,18,AWPer,1.16,,2026-08-10,,
虚构,,fictional-team-1o7022l,Golden Relay,GR,Oceania,可参赛,5,1592,0.7,首发,fictional-player-1ea1bae,Xeno9,Caleb Griffin,United Kingdom,18,Entry,0.97,,2026-08-10,,
虚构,,fictional-team-1o7022l,Golden Relay,GR,Oceania,可参赛,5,1592,0.7,首发,fictional-player-1ek0wzd,Yield9,Damon Jensen,Australia,19,Rifler,1.02,,2026-08-10,,
虚构,,fictional-team-1o7022l,Golden Relay,GR,Oceania,可参赛,5,1592,0.7,首发,fictional-player-1eu0ioc,Zenith9,Elias Mercer,Sweden,27,Support,0.99,,2026-08-10,,
虚构,,fictional-team-t3o6i0,Hidden Vector,HV,Oceania,可参赛,5,1622,0.54,首发,fictional-player-1eb7g8t,Flux9,Felix Pierce,United States,25,IGL,1.18,,2026-08-10,,
虚构,,fictional-team-t3o6i0,Hidden Vector,HV,Oceania,可参赛,5,1622,0.54,首发,fictional-player-1e17uju,Ghost9,Gavin Turner,Canada,31,AWPer,1.14,,2026-08-10,,
虚构,,fictional-team-t3o6i0,Hidden Vector,HV,Oceania,可参赛,5,1622,0.54,首发,fictional-player-1dr88uv,Havoc9,Hayden Bennett,United Kingdom,26,Entry,1.11,,2026-08-10,,
虚构,,fictional-team-t3o6i0,Hidden Vector,HV,Oceania,可参赛,5,1622,0.54,首发,fictional-player-1dh8n5w,Ion9,Isaac Ellis,Australia,19,Rifler,1.18,,2026-08-10,,
虚构,,fictional-team-t3o6i0,Hidden Vector,HV,Oceania,可参赛,5,1622,0.54,首发,fictional-player-1d791gx,Jolt9,Jonah Hayes,Sweden,17,Support,0.94,,2026-08-10,,
虚构,,fictional-team-9uypbj,Iron Harbor,IH,Oceania,可参赛,5,1550,0.59,首发,fictional-player-1uh0iea,Flux6,Kai Keller,United States,23,IGL,0.95,,2026-08-10,,
虚构,,fictional-team-9uypbj,Iron Harbor,IH,Oceania,可参赛,5,1550,0.59,首发,fictional-player-1ur0439,Ghost6,Liam Nash,Canada,22,AWPer,0.95,,2026-08-10,,
虚构,,fictional-team-9uypbj,Iron Harbor,IH,Oceania,可参赛,5,1550,0.59,首发,fictional-player-1tx1b0c,Havoc6,Mason Reeves,United Kingdom,30,Entry,1.05,,2026-08-10,,
虚构,,fictional-team-9uypbj,Iron Harbor,IH,Oceania,可参赛,5,1550,0.59,首发,fictional-player-1u70wpb,Ion6,Nolan Walker,Australia,23,Rifler,0.93,,2026-08-10,,
虚构,,fictional-team-9uypbj,Iron Harbor,IH,Oceania,可参赛,5,1550,0.59,首发,fictional-player-1td23me,Jolt6,Owen Carter,Sweden,31,Support,1.12,,2026-08-10,,
虚构,,fictional-team-x6xusf,Last Beacon,LB,Americas,可参赛,5,1583,0.76,首发,fictional-player-4u3ysy,Knox8,Felix Pierce,United States,18,IGL,1.20,,2026-08-10,,
虚构,,fictional-team-x6xusf,Last Beacon,LB,Americas,可参赛,5,1583,0.76,首发,fictional-player-543khx,Lumen8,Gavin Turner,Canada,28,AWPer,1.01,,2026-08-10,,
虚构,,fictional-team-x6xusf,Last Beacon,LB,Americas,可参赛,5,1583,0.76,首发,fictional-player-4a4rf0,Mako8,Hayden Bennett,United Kingdom,19,Entry,1.00,,2026-08-10,,
虚构,,fictional-team-x6xusf,Last Beacon,LB,Americas,可参赛,5,1583,0.76,首发,fictional-player-4k4d3z,Nova8,Isaac Ellis,Australia,25,Rifler,0.99,,2026-08-10,,
虚构,,fictional-team-x6xusf,Last Beacon,LB,Americas,可参赛,5,1583,0.76,首发,fictional-player-3q5k12,Onyx8,Jonah Hayes,Sweden,26,Support,1.05,,2026-08-10,,
虚构,,fictional-team-loi9li,Neon Forge,NF,Europe,可参赛,5,1581,0.54,首发,fictional-player-1k56x37,Pulse7,Felix Pierce,United States,18,IGL,1.24,,2026-08-10,,
虚构,,fictional-team-loi9li,Neon Forge,NF,Europe,可参赛,5,1581,0.54,首发,fictional-player-1jv7be8,Quest7,Gavin Turner,Canada,19,AWPer,0.95,,2026-08-10,,
虚构,,fictional-team-loi9li,Neon Forge,NF,Europe,可参赛,5,1581,0.54,首发,fictional-player-1kp64h5,Rift7,Hayden Bennett,United Kingdom,22,Entry,1.01,,2026-08-10,,
虚构,,fictional-team-loi9li,Neon Forge,NF,Europe,可参赛,5,1581,0.54,首发,fictional-player-1kf6is6,Shade7,Isaac Ellis,Australia,25,Rifler,1.04,,2026-08-10,,
虚构,,fictional-team-loi9li,Neon Forge,NF,Europe,可参赛,5,1581,0.54,首发,fictional-player-1l95bv3,Trace7,Jonah Hayes,Sweden,23,Support,1.00,,2026-08-10,,
虚构,,fictional-team-d6860j,Night Signal,NS,Europe,可参赛,5,1605,0.76,首发,fictional-player-c1sj5q,Apex10,Felix Pierce,United States,17,IGL,0.95,,2026-08-10,,
虚构,,fictional-team-d6860j,Night Signal,NS,Europe,可参赛,5,1605,0.76,首发,fictional-player-cbs4up,Bolt10,Gavin Turner,Canada,21,AWPer,1.09,,2026-08-10,,
虚构,,fictional-team-d6860j,Night Signal,NS,Europe,可参赛,5,1605,0.76,首发,fictional-player-bhtbrs,Cipher10,Hayden Bennett,United Kingdom,20,Entry,1.21,,2026-08-10,,
虚构,,fictional-team-d6860j,Night Signal,NS,Europe,可参赛,5,1605,0.76,首发,fictional-player-brsxgr,Drift10,Isaac Ellis,Australia,17,Rifler,1.04,,2026-08-10,,
虚构,,fictional-team-d6860j,Night Signal,NS,Europe,可参赛,5,1605,0.76,首发,fictional-player-d5qxxm,Ember10,Jonah Hayes,Sweden,26,Support,1.13,,2026-08-10,,
虚构,,fictional-team-ow7ybu,Northwind,N,Americas,可参赛,5,1593,0.54,首发,fictional-player-6oq6a7,Apex6,Felix Pierce,United States,24,IGL,1.04,,2026-08-10,,
虚构,,fictional-team-ow7ybu,Northwind,N,Americas,可参赛,5,1593,0.54,首发,fictional-player-6eqkl8,Bolt6,Gavin Turner,Canada,29,AWPer,1.19,,2026-08-10,,
虚构,,fictional-team-ow7ybu,Northwind,N,Americas,可参赛,5,1593,0.54,首发,fictional-player-78pdo5,Cipher6,Hayden Bennett,United Kingdom,30,Entry,1.00,,2026-08-10,,
虚构,,fictional-team-ow7ybu,Northwind,N,Americas,可参赛,5,1593,0.54,首发,fictional-player-6yprz6,Drift6,Isaac Ellis,Australia,25,Rifler,1.20,,2026-08-10,,
虚构,,fictional-team-ow7ybu,Northwind,N,Americas,可参赛,5,1593,0.54,首发,fictional-player-5krrib,Ember6,Jonah Hayes,Sweden,21,Support,0.90,,2026-08-10,,
虚构,,fictional-team-10zljmm,Open Season,OS,Americas,可参赛,5,1609,0.81,首发,fictional-player-7l4kxn,Flux10,Kai Keller,United States,20,IGL,1.22,,2026-08-10,,
虚构,,fictional-team-10zljmm,Open Season,OS,Americas,可参赛,5,1609,0.81,首发,fictional-player-7b4z8o,Ghost10,Liam Nash,Canada,21,AWPer,1.18,,2026-08-10,,
虚构,,fictional-team-10zljmm,Open Season,OS,Americas,可参赛,5,1609,0.81,首发,fictional-player-853sbl,Havoc10,Mason Reeves,United Kingdom,29,Entry,1.07,,2026-08-10,,
虚构,,fictional-team-10zljmm,Open Season,OS,Americas,可参赛,5,1609,0.81,首发,fictional-player-7v46mm,Ion10,Nolan Walker,Australia,25,Rifler,0.98,,2026-08-10,,
虚构,,fictional-team-10zljmm,Open Season,OS,Americas,可参赛,5,1609,0.81,首发,fictional-player-8p2zpj,Jolt10,Owen Carter,Sweden,21,Support,1.00,,2026-08-10,,
虚构,,fictional-team-108u0w8,Prime Orbit,PO,Europe,可参赛,5,1541,0.59,首发,fictional-player-1ivhlel,Knox9,Kai Keller,United States,26,IGL,0.90,,2026-08-10,,
虚构,,fictional-team-108u0w8,Prime Orbit,PO,Europe,可参赛,5,1541,0.59,首发,fictional-player-1ilhzpm,Lumen9,Liam Nash,Canada,19,AWPer,0.89,,2026-08-10,,
虚构,,fictional-team-108u0w8,Prime Orbit,PO,Europe,可参赛,5,1541,0.59,首发,fictional-player-1ibie0n,Mako9,Mason Reeves,United Kingdom,21,Entry,1.17,,2026-08-10,,
虚构,,fictional-team-108u0w8,Prime Orbit,PO,Europe,可参赛,5,1541,0.59,首发,fictional-player-1i1isbo,Nova9,Nolan Walker,Australia,23,Rifler,0.95,,2026-08-10,,
虚构,,fictional-team-108u0w8,Prime Orbit,PO,Europe,可参赛,5,1541,0.59,首发,fictional-player-1hrj6mp,Onyx9,Owen Carter,Sweden,29,Support,1.02,,2026-08-10,,
虚构,,fictional-team-18sx6ua,Rapid Echo,RE,Oceania,可参赛,5,1572,0.65,首发,fictional-player-1g8mion,Apex8,Parker Foster,United States,18,IGL,1.10,,2026-08-10,,
虚构,,fictional-team-18sx6ua,Rapid Echo,RE,Oceania,可参赛,5,1572,0.65,首发,fictional-player-1fymwzo,Bolt8,Quinn Irwin,Canada,28,AWPer,1.01,,2026-08-10,,
虚构,,fictional-team-18sx6ua,Rapid Echo,RE,Oceania,可参赛,5,1572,0.65,首发,fictional-player-1gslq2l,Cipher8,Reid Lawson,United Kingdom,31,Entry,1.04,,2026-08-10,,
虚构,,fictional-team-18sx6ua,Rapid Echo,RE,Oceania,可参赛,5,1572,0.65,首发,fictional-player-1gim4dm,Drift8,Silas Ortega,Australia,23,Rifler,1.05,,2026-08-10,,
虚构,,fictional-team-18sx6ua,Rapid Echo,RE,Oceania,可参赛,5,1572,0.65,首发,fictional-player-1f4o3wr,Ember8,Theo Sawyer,Sweden,20,Support,0.97,,2026-08-10,,
虚构,,fictional-team-1ohe4ra,Royal Static,RS,Americas,可参赛,5,1553,0.48,首发,fictional-player-1bha4cj,Apex9,Alden Archer,United States,21,IGL,0.91,,2026-08-10,,
虚构,,fictional-team-1ohe4ra,Royal Static,RS,Americas,可参赛,5,1553,0.48,首发,fictional-player-1b7aink,Bolt9,Blake Dalton,Canada,27,AWPer,1.13,,2026-08-10,,
虚构,,fictional-team-1ohe4ra,Royal Static,RS,Americas,可参赛,5,1553,0.48,首发,fictional-player-1c19bqh,Cipher9,Caleb Griffin,United Kingdom,22,Entry,0.89,,2026-08-10,,
虚构,,fictional-team-1ohe4ra,Royal Static,RS,Americas,可参赛,5,1553,0.48,首发,fictional-player-1br9q1i,Drift9,Damon Jensen,Australia,21,Rifler,1.00,,2026-08-10,,
虚构,,fictional-team-1ohe4ra,Royal Static,RS,Americas,可参赛,5,1553,0.48,首发,fictional-player-1cl8j4f,Ember9,Elias Mercer,Sweden,18,Support,1.09,,2026-08-10,,
虚构,,fictional-team-18zs5lz,Silent Circuit,SC,Americas,可参赛,5,1606,0.7,首发,fictional-player-vyh8sq,Pulse6,Alden Archer,United States,24,IGL,1.19,,2026-08-10,,
虚构,,fictional-team-18zs5lz,Silent Circuit,SC,Americas,可参赛,5,1606,0.7,首发,fictional-player-w8guhp,Quest6,Blake Dalton,Canada,28,AWPer,0.90,,2026-08-10,,
虚构,,fictional-team-18zs5lz,Silent Circuit,SC,Americas,可参赛,5,1606,0.7,首发,fictional-player-vei1es,Rift6,Caleb Griffin,United Kingdom,17,Entry,1.00,,2026-08-10,,
虚构,,fictional-team-18zs5lz,Silent Circuit,SC,Americas,可参赛,5,1606,0.7,首发,fictional-player-vohn3r,Shade6,Damon Jensen,Australia,25,Rifler,1.15,,2026-08-10,,
虚构,,fictional-team-18zs5lz,Silent Circuit,SC,Americas,可参赛,5,1606,0.7,首发,fictional-player-uuiu0u,Trace6,Elias Mercer,Sweden,25,Support,1.19,,2026-08-10,,
虚构,,fictional-team-16e6w4l,Silver Current,SC,Europe,可参赛,5,1585,0.7,首发,fictional-player-1emqhrs,Flux8,Alden Archer,United States,17,IGL,0.95,,2026-08-10,,
虚构,,fictional-team-16e6w4l,Silver Current,SC,Europe,可参赛,5,1585,0.7,首发,fictional-player-1ewq3gr,Ghost8,Blake Dalton,Canada,28,AWPer,0.99,,2026-08-10,,
虚构,,fictional-team-16e6w4l,Silver Current,SC,Europe,可参赛,5,1585,0.7,首发,fictional-player-1f6pp5q,Havoc8,Caleb Griffin,United Kingdom,30,Entry,1.01,,2026-08-10,,
虚构,,fictional-team-16e6w4l,Silver Current,SC,Europe,可参赛,5,1585,0.7,首发,fictional-player-1fgpaup,Ion8,Damon Jensen,Australia,28,Rifler,1.16,,2026-08-10,,
虚构,,fictional-team-16e6w4l,Silver Current,SC,Europe,可参赛,5,1585,0.7,首发,fictional-player-1fqowjo,Jolt8,Elias Mercer,Sweden,28,Support,1.16,,2026-08-10,,
虚构,,fictional-team-3orw45,Solar Crown,SC,Oceania,可参赛,5,1627,0.76,首发,fictional-player-18pm8so,Vex6,Felix Pierce,United States,23,IGL,1.23,,2026-08-10,,
虚构,,fictional-team-3orw45,Solar Crown,SC,Oceania,可参赛,5,1627,0.76,首发,fictional-player-18zluhn,Warden6,Gavin Turner,Canada,31,AWPer,1.17,,2026-08-10,,
虚构,,fictional-team-3orw45,Solar Crown,SC,Oceania,可参赛,5,1627,0.76,首发,fictional-player-199lg6m,Xeno6,Hayden Bennett,United Kingdom,30,Entry,1.12,,2026-08-10,,
虚构,,fictional-team-3orw45,Solar Crown,SC,Oceania,可参赛,5,1627,0.76,首发,fictional-player-19jl1vl,Yield6,Isaac Ellis,Australia,20,Rifler,1.16,,2026-08-10,,
虚构,,fictional-team-3orw45,Solar Crown,SC,Oceania,可参赛,5,1627,0.76,首发,fictional-player-19tknkk,Zenith6,Jonah Hayes,Sweden,25,Support,0.91,,2026-08-10,,
虚构,,fictional-team-679qmn,Steel Bloom,SB,Oceania,可参赛,5,1547,0.86,首发,fictional-player-1gi9j7m,Knox10,Parker Foster,United States,28,IGL,1.12,,2026-08-10,,
虚构,,fictional-team-679qmn,Steel Bloom,SB,Oceania,可参赛,5,1547,0.86,首发,fictional-player-1gs94wl,Lumen10,Quinn Irwin,Canada,20,AWPer,0.99,,2026-08-10,,
虚构,,fictional-team-679qmn,Steel Bloom,SB,Oceania,可参赛,5,1547,0.86,首发,fictional-player-1fyabto,Mako10,Reid Lawson,United Kingdom,23,Entry,0.92,,2026-08-10,,
虚构,,fictional-team-679qmn,Steel Bloom,SB,Oceania,可参赛,5,1547,0.86,首发,fictional-player-1g89xin,Nova10,Silas Ortega,Australia,22,Rifler,0.99,,2026-08-10,,
虚构,,fictional-team-679qmn,Steel Bloom,SB,Oceania,可参赛,5,1547,0.86,首发,fictional-player-1feb4fq,Onyx10,Theo Sawyer,Sweden,23,Support,0.96,,2026-08-10,,
虚构,,fictional-team-1orgi10,Wild Meridian,WM,Americas,可参赛,5,1560,0.86,首发,fictional-player-3onh5t,Flux7,Parker Foster,United States,25,IGL,1.09,,2026-08-10,,
虚构,,fictional-team-1orgi10,Wild Meridian,WM,Americas,可参赛,5,1560,0.86,首发,fictional-player-3envgu,Ghost7,Quinn Irwin,Canada,31,AWPer,0.89,,2026-08-10,,
虚构,,fictional-team-1orgi10,Wild Meridian,WM,Americas,可参赛,5,1560,0.86,首发,fictional-player-34o9rv,Havoc7,Reid Lawson,United Kingdom,20,Entry,1.14,,2026-08-10,,
虚构,,fictional-team-1orgi10,Wild Meridian,WM,Americas,可参赛,5,1560,0.86,首发,fictional-player-2uoo2w,Ion7,Silas Ortega,Australia,19,Rifler,1.06,,2026-08-10,,
虚构,,fictional-team-1orgi10,Wild Meridian,WM,Americas,可参赛,5,1560,0.86,首发,fictional-player-4slvxp,Jolt7,Theo Sawyer,Sweden,31,Support,0.90,,2026-08-10,,
虚构,,fictional-team-m8jfpl,Zero Gravity,ZG,Oceania,可参赛,5,1531,0.81,首发,fictional-player-dp276c,Pulse8,Kai Keller,United States,18,IGL,0.92,,2026-08-10,,
虚构,,fictional-team-m8jfpl,Zero Gravity,ZG,Oceania,可参赛,5,1531,0.81,首发,fictional-player-dz1svb,Quest8,Liam Nash,Canada,20,AWPer,1.00,,2026-08-10,,
虚构,,fictional-team-m8jfpl,Zero Gravity,ZG,Oceania,可参赛,5,1531,0.81,首发,fictional-player-e91eka,Rift8,Mason Reeves,United Kingdom,20,Entry,0.94,,2026-08-10,,
虚构,,fictional-team-m8jfpl,Zero Gravity,ZG,Oceania,可参赛,5,1531,0.81,首发,fictional-player-ej1099,Shade8,Nolan Walker,Australia,28,Rifler,1.00,,2026-08-10,,
虚构,,fictional-team-m8jfpl,Zero Gravity,ZG,Oceania,可参赛,5,1531,0.81,首发,fictional-player-cl3seg,Trace8,Owen Carter,Sweden,30,Support,0.99,,2026-08-10,,
